-- phpMyAdmin SQL Dump
-- version 3.1.3.1
-- http://www.phpmyadmin.net
--
-- Host: localhost
-- Generation Time: Mar 21, 2013 at 04:59 PM
-- Server version: 5.1.33
-- PHP Version: 5.2.9-2

SET SQL_MODE="NO_AUTO_VALUE_ON_ZERO";


/*!40101 SET @OLD_CHARACTER_SET_CLIENT=@@CHARACTER_SET_CLIENT */;
/*!40101 SET @OLD_CHARACTER_SET_RESULTS=@@CHARACTER_SET_RESULTS */;
/*!40101 SET @OLD_COLLATION_CONNECTION=@@COLLATION_CONNECTION */;
/*!40101 SET NAMES utf8 */;

--
-- Database: `qlbanhoa`
--

-- --------------------------------------------------------

--
-- Table structure for table `hoa`
--

CREATE TABLE IF NOT EXISTS `hoa` (
  `mahoa` int(11) NOT NULL AUTO_INCREMENT,
  `maloai` int(11) DEFAULT NULL,
  `tenhoa` varchar(50) COLLATE utf8_unicode_ci DEFAULT NULL,
  `dongia` int(11) DEFAULT NULL,
  `hinh` varchar(50) COLLATE utf8_unicode_ci DEFAULT NULL,
  `mota` varchar(1000) COLLATE utf8_unicode_ci DEFAULT NULL,
  PRIMARY KEY (`mahoa`)
) ENGINE=MyISAM  DEFAULT CHARSET=utf8 COLLATE=utf8_unicode_ci AUTO_INCREMENT=28 ;

--
-- Dumping data for table `hoa`
--

INSERT INTO `hoa` (`mahoa`, `maloai`, `tenhoa`, `dongia`, `hinh`, `mota`) VALUES
(1, 1, 'Đón xuân', 50000, 'cuc_9.jpg', 'Hoa cúc các màu: trắng, vàng, cam'),
(2, 1, 'Hồn nhiên', 60000, 'cuc_2.jpg', 'Hoa cúc vàng, cam. lá măng'),
(3, 1, 'Tím thuỷ chung', 45000, 'cuc_3.jpg', 'Hoa cúc tím'),
(4, 1, 'Nét duyên tím hoa cà', 40000, 'cuc_4.jpg', 'Hoa cúc màu tím nhạt'),
(5, 1, 'Cùng khoe sắc', 70000, 'cuc_5.jpg', 'Hoa cúc các màu: trắng, vàng, cam'),
(6, 1, 'Trắng thơ ngây', 65000, 'cuc_6.jpg', 'Hoa cúc trắng'),
(7, 2, 'Dây tơ hồng', 250000, 'cuoi_1.jpg', 'Hoa hồng màu hồng đậm, hoa hồng xanh, các loại lá măng'),
(8, 2, 'Cầu thuỷ tinh', 220000, 'cuoi_2.jpg', 'Hoa hồng và hoa thuỷ tiên trắng'),
(9, 2, 'Duyên thầm', 260000, 'cuoi_3.jpg', 'Hoa cúc trắng, baby, lá măng'),
(10, 2, 'Ðâm chồi nảy lộc', 180000, 'cuoi_4.jpg', 'Hoa hồng trắng và các loại lá măng'),
(11, 2, 'Hoà quyện', 270000, 'cuoi_5.jpg', 'Hoa hồng trắng, lá thuỷ tùng'),
(12, 2, 'Nồng nàn', 210000, 'cuoi_6.jpg', 'Hoa hồng đỏ, lá thuỷ tùng, lá măng'),
(13, 3, 'Together', 120000, 'hong_1.jpg', 'Hồng xác pháo, cúc tím'),
(14, 3, 'Long trip', 85000, 'hong_2.jpg', 'Hoa hồng đỏ, lá kim thuỷ tùng'),
(15, 3, 'Beautiful life', 100000, 'hong_3.jpg', 'Hoa hồng đỏ, lá măng, lá đệm'),
(16, 3, 'Morning Sun', 75000, 'hong_4.jpg', 'Hoa hồng vàng'),
(17, 3, 'Pretty Bloom', 65000, 'hong_5.jpg', 'Hoa hồng trắng và lá thông'),
(18, 3, 'Red Rose', 45000, 'hong_7.jpg', 'Hoa hồng đỏ và lá măng'),
(19, 4, 'Vấn vuơng', 150000, 'xuan_1.jpg', 'Hoa hồng đỏ, hồng đậm, cúc đỏ, các loại lá'),
(20, 4, 'Nắng nhẹ nhàng', 50000, 'xuan_2.jpg', 'Hoa cúc xanh, hoa lys vàng, lá đệm'),
(21, 4, 'Thanh tao', 120000, 'xuan_3.jpg', 'Hoa thủy tiên, cúa trắng, cúc dại tím, các loại lá đệm'),
(22, 4, 'Tinh khiết', 110000, 'xuan_4.jpg', 'Hồng trắng và salem'),
(23, 4, 'Mùa xuân chín', 150000, 'xuan_5.jpg', 'Hồmg cam, cúc xanh, thuỷ tiên và các loại lá'),
(24, 4, 'Rực rở nắng vàng', 75000, 'xuan_6.jpg', 'Hồng vàng và cúc vàng'),
(25, 3, 'Love Candy', 95000, 'hong_13.jpg', 'Hoa hồng trắng tinh khôi xen với hoa hồng màu hồng nhạt, điểm thêm baby trắng và lá măng'),
(26, 2, 'Happy Wedding', 210000, 'cuoi_9.jpg', 'Hoa hồng môn và các loại lá'),
(27, 1, 'Cúc nhiệt đới', 150000, 'cuc_15.jpg', 'Cúc vàng - hồng cam - lá măng');

-- --------------------------------------------------------

--
-- Table structure for table `khachhang`
--

CREATE TABLE IF NOT EXISTS `khachhang` (
  `Makh` int(11) NOT NULL AUTO_INCREMENT,
  `TenDN` varchar(10) COLLATE utf8_unicode_ci DEFAULT NULL,
  `MatKhau` varchar(10) COLLATE utf8_unicode_ci DEFAULT NULL,
  `HoTen` varchar(50) COLLATE utf8_unicode_ci DEFAULT NULL,
  `DiaChi` varchar(50) COLLATE utf8_unicode_ci DEFAULT NULL,
  `DienThoai` varchar(20) COLLATE utf8_unicode_ci DEFAULT NULL,
  `Email` varchar(50) COLLATE utf8_unicode_ci DEFAULT NULL,
  PRIMARY KEY (`Makh`)
) ENGINE=MyISAM  DEFAULT CHARSET=utf8 COLLATE=utf8_unicode_ci AUTO_INCREMENT=6 ;

--
-- Dumping data for table `khachhang`
--

INSERT INTO `khachhang` (`Makh`, `TenDN`, `MatKhau`, `HoTen`, `DiaChi`, `DienThoai`, `Email`) VALUES
(1, 'phuong', 'phuong', 'Khuất Thuỷ Phuơng', '357 Lê Hồng Phong Q.5', '0989247123', 'ktphuong@hcmuns.edu.vn'),
(2, 'cuong', 'cuong', 'Chung Quốc Cuờng', '1bis Nguyễn Văn Trổi Q.1', '0912345678', 'cqcuong@hcmuns.edu.vn'),
(3, 'tung', 'tung', 'Lưu Hải Tùng', '1 Mạc Đỉnh Chi Q.1', '0989766569', 'lhtung@yahoo.com'),
(4, 'dlthien', 'dlthien', 'Đỗ Lâm Thiên', '357 Lê Hồng Phong Q.10', '0903123456', 'dlthien@hcmuns.edu.vn'),
(5, 'thanh', 'thanh', 'Nguyễn Ngọc Thanh', '357 Lê Hồng Phong Q.10', '0903456789', 'lthanh@hcmuns.edu.vn');

-- --------------------------------------------------------

--
-- Table structure for table `loaihoa`
--

CREATE TABLE IF NOT EXISTS `loaihoa` (
  `Maloai` int(11) NOT NULL AUTO_INCREMENT,
  `Tenloai` varchar(50) COLLATE utf8_unicode_ci DEFAULT NULL,
  PRIMARY KEY (`Maloai`)
) ENGINE=MyISAM  DEFAULT CHARSET=utf8 COLLATE=utf8_unicode_ci AUTO_INCREMENT=5 ;

--
-- Dumping data for table `loaihoa`
--

INSERT INTO `loaihoa` (`Maloai`, `Tenloai`) VALUES
(1, 'Hoa cúc'),
(2, 'Hoa cưới'),
(3, 'Hoa hồng'),
(4, 'Hoa xuân');
